iteration,expanded_state,parent,action,generated_successors,frontier_before,frontier_after,explored,g,h,f
1,"(18, 9)",None,None,"[((18, 8), 'South', 1), ((17, 9), 'West', 1)]","['(18, 9)']","['(18, 8)', '(17, 9)']","[(18, 9)]",0,0,0
2,"(18, 8)","(18, 9)",South,"[((18, 7), 'South', 1)]","['(18, 8)', '(17, 9)']","['(17, 9)', '(18, 7)']","[(18, 9), (18, 8)]",1,0,1
3,"(17, 9)","(18, 9)",West,"[((16, 9), 'West', 1)]","['(17, 9)', '(18, 7)']","['(18, 7)', '(16, 9)']","[(18, 9), (17, 9), (18, 8)]",1,0,1
4,"(18, 7)","(18, 8)",South,"[((18, 6), 'South', 1)]","['(18, 7)', '(16, 9)']","['(16, 9)', '(18, 6)']","[(18, 9), (17, 9), (18, 7), (18, 8)]",2,0,2
5,"(16, 9)","(17, 9)",West,"[((15, 9), 'West', 1)]","['(16, 9)', '(18, 6)']","['(18, 6)', '(15, 9)']","[(18, 7), (16, 9), (17, 9), (18, 9), (18, 8)]",2,0,2
6,"(18, 6)","(18, 7)",South,"[((18, 5), 'South', 1)]","['(18, 6)', '(15, 9)']","['(15, 9)', '(18, 5)']","[(18, 7), (16, 9), (17, 9), (18, 9), (18, 6), (18, 8)]",3,0,3
7,"(15, 9)","(16, 9)",West,"[((14, 9), 'West', 1)]","['(15, 9)', '(18, 5)']","['(18, 5)', '(14, 9)']","[(18, 7), (16, 9), (17, 9), (18, 9), (18, 6), (15, 9), (18, 8)]",3,0,3
8,"(18, 5)","(18, 6)",South,"[((18, 4), 'South', 1)]","['(18, 5)', '(14, 9)']","['(14, 9)', '(18, 4)']","[(18, 7), (16, 9), (17, 9), (18, 9), (18, 6), (15, 9), (18, 5), (18, 8)]",4,0,4
9,"(14, 9)","(15, 9)",West,"[((13, 9), 'West', 1)]","['(14, 9)', '(18, 4)']","['(18, 4)', '(13, 9)']","[(18, 7), (16, 9), (17, 9), (18, 9), (18, 6), (14, 9), (15, 9), (18, 5), (18, 8)]",4,0,4
10,"(18, 4)","(18, 5)",South,"[((18, 3), 'South', 1)]","['(18, 4)', '(13, 9)']","['(13, 9)', '(18, 3)']","[(18, 4), (18, 7), (16, 9), (17, 9), (18, 9), (18, 6), (14, 9), (15, 9), (18, 5), (18, 8)]",5,0,5
11,"(13, 9)","(14, 9)",West,"[((12, 9), 'West', 1)]","['(13, 9)', '(18, 3)']","['(18, 3)', '(12, 9)']","[(18, 4), (18, 7), (16, 9), (17, 9), (18, 9), (13, 9), (18, 6), (14, 9), (15, 9), (18, 5), (18, 8)]",5,0,5
12,"(18, 3)","(18, 4)",South,"[((18, 2), 'South', 1)]","['(18, 3)', '(12, 9)']","['(12, 9)', '(18, 2)']","[(18, 4), (18, 7), (16, 9), (17, 9), (18, 3), (18, 9), (13, 9), (18, 6), (14, 9), (15, 9), (18, 5), (18, 8)]",6,0,6
13,"(12, 9)","(13, 9)",West,"[((11, 9), 'West', 1)]","['(12, 9)', '(18, 2)']","['(18, 2)', '(11, 9)']","[(18, 4), (18, 7), (16, 9), (17, 9), (18, 3), (18, 9), (12, 9), (13, 9), (18, 6), (14, 9), (15, 9), (18, 5), (18, 8)]",6,0,6
14,"(18, 2)","(18, 3)",South,"[((18, 1), 'South', 1)]","['(18, 2)', '(11, 9)']","['(11, 9)', '(18, 1)']","[(18, 4), (18, 7), (16, 9), (17, 9), (18, 3), (18, 9), (12, 9), (13, 9), (18, 6), (14, 9), (18, 2), (15, 9), (18, 5), (18, 8)]",7,0,7
15,"(11, 9)","(12, 9)",West,"[((10, 9), 'West', 1)]","['(11, 9)', '(18, 1)']","['(18, 1)', '(10, 9)']","[(18, 4), (18, 7), (16, 9), (11, 9), (17, 9), (18, 3), (18, 9), (12, 9), (13, 9), (18, 6), (14, 9), (18, 2), (15, 9), (18, 5), (18, 8)]",7,0,7
16,"(18, 1)","(18, 2)",South,"[((17, 1), 'West', 1)]","['(18, 1)', '(10, 9)']","['(10, 9)', '(17, 1)']","[(18, 4), (18, 1), (18, 7), (16, 9), (11, 9), (17, 9), (18, 3), (18, 9), (12, 9), (13, 9), (18, 6), (14, 9), (18, 2), (15, 9), (18, 5), (18, 8)]",8,0,8
17,"(10, 9)","(11, 9)",West,"[((10, 8), 'South', 1)]","['(10, 9)', '(17, 1)']","['(17, 1)', '(10, 8)']","[(18, 4), (18, 1), (18, 7), (16, 9), (11, 9), (17, 9), (18, 3), (18, 9), (12, 9), (13, 9), (18, 6), (14, 9), (18, 2), (15, 9), (10, 9), (18, 5), (18, 8)]",8,0,8
18,"(17, 1)","(18, 1)",West,"[((16, 1), 'West', 1)]","['(17, 1)', '(10, 8)']","['(10, 8)', '(16, 1)']","[(18, 4), (17, 1), (18, 1), (18, 7), (16, 9), (11, 9), (17, 9), (18, 3), (18, 9), (12, 9), (13, 9), (18, 6), (14, 9), (18, 2), (15, 9), (10, 9), (18, 5), (18, 8)]",9,0,9
19,"(10, 8)","(10, 9)",South,"[((10, 7), 'South', 1)]","['(10, 8)', '(16, 1)']","['(16, 1)', '(10, 7)']","[(17, 9), (10, 9), (18, 4), (18, 1), (18, 7), (12, 9), (14, 9), (10, 8), (16, 9), (18, 3), (18, 9), (18, 6), (17, 1), (11, 9), (13, 9), (18, 2), (15, 9), (18, 5), (18, 8)]",9,0,9
20,"(16, 1)","(17, 1)",West,"[((16, 2), 'North', 1), ((15, 1), 'West', 1)]","['(16, 1)', '(10, 7)']","['(10, 7)', '(16, 2)', '(15, 1)']","[(17, 9), (10, 9), (16, 1), (18, 4), (18, 1), (18, 7), (12, 9), (14, 9), (10, 8), (16, 9), (18, 3), (18, 9), (18, 6), (17, 1), (11, 9), (13, 9), (18, 2), (15, 9), (18, 5), (18, 8)]",10,0,10
21,"(10, 7)","(10, 8)",South,"[((10, 6), 'South', 1)]","['(10, 7)', '(16, 2)', '(15, 1)']","['(16, 2)', '(15, 1)', '(10, 6)']","[(17, 9), (10, 9), (16, 1), (18, 4), (18, 1), (18, 7), (12, 9), (14, 9), (10, 8), (16, 9), (18, 3), (18, 9), (18, 6), (17, 1), (11, 9), (10, 7), (13, 9), (18, 2), (15, 9), (18, 5), (18, 8)]",10,0,10
22,"(16, 2)","(16, 1)",North,"[((16, 3), 'North', 1)]","['(16, 2)', '(15, 1)', '(10, 6)']","['(15, 1)', '(10, 6)', '(16, 3)']","[(17, 9), (10, 9), (16, 1), (18, 4), (18, 1), (18, 7), (12, 9), (14, 9), (10, 8), (16, 9), (18, 3), (18, 9), (18, 6), (17, 1), (11, 9), (10, 7), (16, 2), (13, 9), (18, 2), (15, 9), (18, 5), (18, 8)]",11,0,11
23,"(15, 1)","(16, 1)",West,"[((14, 1), 'West', 1)]","['(15, 1)', '(10, 6)', '(16, 3)']","['(10, 6)', '(16, 3)', '(14, 1)']","[(17, 9), (10, 9), (16, 1), (18, 4), (18, 1), (18, 7), (12, 9), (14, 9), (10, 8), (16, 9), (15, 1), (18, 3), (18, 9), (18, 6), (17, 1), (11, 9), (10, 7), (16, 2), (13, 9), (18, 2), (15, 9), (18, 5), (18, 8)]",11,0,11
24,"(10, 6)","(10, 7)",South,"[((10, 5), 'South', 1)]","['(10, 6)', '(16, 3)', '(14, 1)']","['(16, 3)', '(14, 1)', '(10, 5)']","[(17, 9), (10, 6), (10, 9), (16, 1), (18, 4), (18, 1), (18, 7), (12, 9), (14, 9), (10, 8), (16, 9), (15, 1), (18, 3), (18, 9), (18, 6), (17, 1), (11, 9), (10, 7), (16, 2), (13, 9), (18, 2), (15, 9), (18, 5), (18, 8)]",11,0,11
25,"(16, 3)","(16, 2)",North,"[((16, 4), 'North', 1)]","['(16, 3)', '(14, 1)', '(10, 5)']","['(14, 1)', '(10, 5)', '(16, 4)']","[(17, 9), (10, 6), (10, 9), (16, 1), (18, 4), (18, 1), (18, 7), (12, 9), (14, 9), (10, 8), (16, 3), (16, 9), (15, 1), (18, 3), (18, 9), (18, 6), (17, 1), (11, 9), (10, 7), (16, 2), (13, 9), (18, 2), (15, 9), (18, 5), (18, 8)]",12,0,12
26,"(14, 1)","(15, 1)",West,"[((14, 2), 'North', 1), ((13, 1), 'West', 1)]","['(14, 1)', '(10, 5)', '(16, 4)']","['(10, 5)', '(16, 4)', '(14, 2)', '(13, 1)']","[(14, 1), (17, 9), (10, 6), (10, 9), (16, 1), (18, 4), (18, 1), (18, 7), (12, 9), (14, 9), (10, 8), (16, 3), (16, 9), (15, 1), (18, 3), (18, 9), (18, 6), (17, 1), (11, 9), (10, 7), (16, 2), (13, 9), (18, 2), (15, 9), (18, 5), (18, 8)]",12,0,12
27,"(10, 5)","(10, 6)",South,"[((10, 4), 'South', 1)]","['(10, 5)', '(16, 4)', '(14, 2)', '(13, 1)']","['(16, 4)', '(13, 1)', '(14, 2)', '(10, 4)']","[(14, 1), (17, 9), (10, 6), (10, 9), (16, 1), (18, 4), (18, 1), (18, 7), (12, 9), (14, 9), (10, 5), (10, 8), (16, 3), (16, 9), (15, 1), (18, 3), (18, 9), (18, 6), (17, 1), (11, 9), (10, 7), (16, 2), (13, 9), (18, 2), (15, 9), (18, 5), (18, 8)]",12,0,12
28,"(16, 4)","(16, 3)",North,"[((16, 5), 'North', 1)]","['(16, 4)', '(13, 1)', '(14, 2)', '(10, 4)']","['(14, 2)', '(13, 1)', '(10, 4)', '(16, 5)']","[(14, 1), (17, 9), (10, 6), (10, 9), (16, 4), (16, 1), (18, 4), (18, 1), (18, 7), (12, 9), (14, 9), (10, 5), (10, 8), (16, 3), (16, 9), (15, 1), (18, 3), (18, 9), (18, 6), (17, 1), (11, 9), (10, 7), (16, 2), (13, 9), (18, 2), (15, 9), (18, 5), (18, 8)]",13,0,13
29,"(14, 2)","(14, 1)",North,"[((14, 3), 'North', 1)]","['(14, 2)', '(13, 1)', '(10, 4)', '(16, 5)']","['(13, 1)', '(16, 5)', '(10, 4)', '(14, 3)']","[(14, 1), (17, 9), (10, 6), (10, 9), (16, 4), (16, 1), (18, 4), (18, 1), (18, 7), (12, 9), (14, 9), (10, 5), (10, 8), (16, 3), (16, 9), (15, 1), (18, 3), (18, 9), (18, 6), (14, 2), (17, 1), (11, 9), (10, 7), (16, 2), (13, 9), (18, 2), (15, 9), (18, 5), (18, 8)]",13,0,13
30,"(13, 1)","(14, 1)",West,"[((12, 1), 'West', 1)]","['(13, 1)', '(16, 5)', '(10, 4)', '(14, 3)']","['(10, 4)', '(16, 5)', '(14, 3)', '(12, 1)']","[(14, 1), (17, 9), (10, 6), (10, 9), (16, 4), (16, 1), (18, 4), (18, 1), (18, 7), (12, 9), (14, 9), (10, 5), (10, 8), (13, 1), (16, 3), (16, 9), (15, 1), (18, 3), (18, 9), (18, 6), (14, 2), (17, 1), (11, 9), (10, 7), (16, 2), (13, 9), (18, 2), (15, 9), (18, 5), (18, 8)]",13,0,13
31,"(10, 4)","(10, 5)",South,"[((10, 3), 'South', 1)]","['(10, 4)', '(16, 5)', '(14, 3)', '(12, 1)']","['(16, 5)', '(12, 1)', '(14, 3)', '(10, 3)']","[(14, 1), (17, 9), (10, 6), (10, 9), (16, 4), (16, 1), (18, 4), (18, 1), (18, 7), (12, 9), (14, 9), (10, 5), (10, 8), (13, 1), (16, 3), (16, 9), (15, 1), (18, 3), (18, 9), (18, 6), (14, 2), (17, 1), (10, 4), (11, 9), (10, 7), (16, 2), (13, 9), (18, 2), (15, 9), (18, 5), (18, 8)]",13,0,13
32,"(16, 5)","(16, 4)",North,"[((16, 6), 'North', 1)]","['(16, 5)', '(12, 1)', '(14, 3)', '(10, 3)']","['(14, 3)', '(12, 1)', '(10, 3)', '(16, 6)']","[(14, 1), (17, 9), (10, 6), (10, 9), (16, 4), (16, 1), (18, 4), (18, 1), (18, 7), (12, 9), (14, 9), (10, 5), (10, 8), (13, 1), (16, 3), (16, 9), (15, 1), (18, 3), (18, 9), (18, 6), (14, 2), (17, 1), (10, 4), (11, 9), (10, 7), (16, 2), (13, 9), (16, 5), (18, 2), (15, 9), (18, 5), (18, 8)]",14,0,14
33,"(14, 3)","(14, 2)",North,"[((14, 4), 'North', 1)]","['(14, 3)', '(12, 1)', '(10, 3)', '(16, 6)']","['(12, 1)', '(16, 6)', '(10, 3)', '(14, 4)']","[(14, 1), (17, 9), (10, 6), (10, 9), (16, 4), (16, 1), (18, 4), (18, 1), (18, 7), (12, 9), (14, 3), (14, 9), (10, 5), (10, 8), (13, 1), (16, 3), (16, 9), (15, 1), (18, 3), (18, 9), (18, 6), (14, 2), (17, 1), (10, 4), (11, 9), (10, 7), (16, 2), (13, 9), (16, 5), (18, 2), (15, 9), (18, 5), (18, 8)]",14,0,14
34,"(12, 1)","(13, 1)",West,"[((12, 2), 'North', 1)]","['(12, 1)', '(16, 6)', '(10, 3)', '(14, 4)']","['(10, 3)', '(16, 6)', '(14, 4)', '(12, 2)']","[(12, 1), (14, 1), (17, 9), (10, 6), (10, 9), (16, 4), (16, 1), (18, 4), (18, 1), (18, 7), (12, 9), (14, 3), (14, 9), (10, 5), (10, 8), (13, 1), (16, 3), (16, 9), (15, 1), (18, 3), (18, 9), (18, 6), (14, 2), (17, 1), (10, 4), (11, 9), (10, 7), (16, 2), (13, 9), (16, 5), (18, 2), (15, 9), (18, 5), (18, 8)]",14,0,14
35,"(10, 3)","(10, 4)",South,"[((10, 2), 'South', 1), ((11, 3), 'East', 1)]","['(10, 3)', '(16, 6)', '(14, 4)', '(12, 2)']","['(16, 6)', '(12, 2)', '(14, 4)', '(10, 2)', '(11, 3)']","[(12, 1), (14, 1), (17, 9), (10, 6), (10, 3), (10, 9), (16, 4), (16, 1), (18, 4), (18, 1), (18, 7), (12, 9), (14, 3), (14, 9), (10, 5), (10, 8), (13, 1), (16, 3), (16, 9), (15, 1), (18, 3), (18, 9), (18, 6), (14, 2), (17, 1), (10, 4), (11, 9), (10, 7), (16, 2), (13, 9), (16, 5), (18, 2), (15, 9), (18, 5), (18, 8)]",14,0,14
36,"(16, 6)","(16, 5)",North,"[((16, 7), 'North', 1)]","['(16, 6)', '(12, 2)', '(14, 4)', '(10, 2)', '(11, 3)']","['(14, 4)', '(12, 2)', '(11, 3)', '(10, 2)', '(16, 7)']","[(12, 1), (14, 1), (17, 9), (10, 6), (10, 3), (10, 9), (16, 4), (16, 1), (18, 4), (18, 1), (18, 7), (12, 9), (14, 3), (14, 9), (10, 5), (10, 8), (13, 1), (16, 3), (16, 9), (15, 1), (16, 6), (18, 3), (18, 9), (18, 6), (14, 2), (17, 1), (10, 4), (11, 9), (10, 7), (16, 2), (13, 9), (16, 5), (18, 2), (15, 9), (18, 5), (18, 8)]",15,0,15
37,"(14, 4)","(14, 3)",North,"[((14, 5), 'North', 1)]","['(14, 4)', '(12, 2)', '(11, 3)', '(10, 2)', '(16, 7)']","['(12, 2)', '(10, 2)', '(11, 3)', '(16, 7)', '(14, 5)']","[(12, 1), (14, 4), (14, 1), (17, 9), (10, 6), (10, 3), (10, 9), (16, 4), (16, 1), (18, 4), (18, 1), (18, 7), (12, 9), (14, 3), (14, 9), (10, 5), (10, 8), (13, 1), (16, 3), (16, 9), (15, 1), (16, 6), (18, 3), (18, 9), (18, 6), (14, 2), (17, 1), (10, 4), (11, 9), (10, 7), (16, 2), (13, 9), (16, 5), (18, 2), (15, 9), (18, 5), (18, 8)]",15,0,15
38,"(12, 2)","(12, 1)",North,"[((12, 3), 'North', 1)]","['(12, 2)', '(10, 2)', '(11, 3)', '(16, 7)', '(14, 5)']","['(10, 2)', '(16, 7)', '(11, 3)', '(14, 5)', '(12, 3)']","[(12, 1), (14, 4), (14, 1), (17, 9), (10, 6), (10, 3), (10, 9), (16, 4), (16, 1), (18, 4), (18, 1), (18, 7), (12, 9), (14, 3), (14, 9), (10, 5), (10, 8), (13, 1), (16, 3), (16, 9), (15, 1), (16, 6), (18, 3), (18, 9), (18, 6), (12, 2), (14, 2), (17, 1), (10, 4), (11, 9), (10, 7), (16, 2), (13, 9), (16, 5), (18, 2), (15, 9), (18, 5), (18, 8)]",15,0,15
39,"(10, 2)","(10, 3)",South,"[((10, 1), 'South', 1)]","['(10, 2)', '(16, 7)', '(11, 3)', '(14, 5)', '(12, 3)']","['(11, 3)', '(16, 7)', '(12, 3)', '(14, 5)', '(10, 1)']","[(12, 1), (14, 4), (14, 1), (17, 9), (10, 6), (10, 3), (10, 9), (16, 4), (16, 1), (18, 4), (18, 1), (18, 7), (12, 9), (14, 3), (14, 9), (10, 2), (10, 5), (10, 8), (13, 1), (16, 3), (16, 9), (15, 1), (16, 6), (18, 3), (18, 9), (18, 6), (12, 2), (14, 2), (17, 1), (10, 4), (11, 9), (10, 7), (16, 2), (13, 9), (16, 5), (18, 2), (15, 9), (18, 5), (18, 8)]",15,0,15
40,"(11, 3)","(10, 3)",East,[],"['(11, 3)', '(16, 7)', '(12, 3)', '(14, 5)', '(10, 1)']","['(16, 7)', '(14, 5)', '(12, 3)', '(10, 1)']","[(12, 1), (14, 4), (14, 1), (17, 9), (10, 6), (10, 3), (10, 9), (16, 4), (16, 1), (18, 4), (18, 1), (18, 7), (12, 9), (14, 3), (14, 9), (10, 2), (10, 5), (10, 8), (13, 1), (16, 3), (16, 9), (15, 1), (16, 6), (18, 3), (18, 9), (18, 6), (12, 2), (14, 2), (17, 1), (10, 4), (11, 3), (11, 9), (10, 7), (16, 2), (13, 9), (16, 5), (18, 2), (15, 9), (18, 5), (18, 8)]",15,0,15
41,"(16, 7)","(16, 6)",North,"[((15, 7), 'West', 1)]","['(16, 7)', '(14, 5)', '(12, 3)', '(10, 1)']","['(14, 5)', '(10, 1)', '(12, 3)', '(15, 7)']","[(12, 1), (14, 4), (14, 1), (17, 9), (10, 6), (10, 3), (10, 9), (16, 4), (16, 1), (16, 7), (18, 4), (18, 1), (18, 7), (12, 9), (14, 3), (14, 9), (10, 2), (10, 5), (10, 8), (13, 1), (16, 3), (16, 9), (15, 1), (16, 6), (18, 3), (18, 9), (18, 6), (12, 2), (14, 2), (17, 1), (10, 4), (11, 3), (11, 9), (10, 7), (16, 2), (13, 9), (16, 5), (18, 2), (15, 9), (18, 5), (18, 8)]",16,0,16
42,"(14, 5)","(14, 4)",North,"[((13, 5), 'West', 1)]","['(14, 5)', '(10, 1)', '(12, 3)', '(15, 7)']","['(12, 3)', '(10, 1)', '(15, 7)', '(13, 5)']","[(12, 1), (14, 4), (14, 1), (17, 9), (10, 6), (10, 3), (10, 9), (16, 4), (16, 1), (16, 7), (18, 4), (18, 1), (18, 7), (12, 9), (14, 3), (14, 9), (10, 2), (10, 5), (10, 8), (13, 1), (16, 3), (16, 9), (15, 1), (16, 6), (18, 3), (18, 9), (18, 6), (12, 2), (14, 2), (14, 5), (17, 1), (10, 4), (11, 3), (11, 9), (10, 7), (16, 2), (13, 9), (16, 5), (18, 2), (15, 9), (18, 5), (18, 8)]",16,0,16
43,"(12, 3)","(12, 2)",North,[],"['(12, 3)', '(10, 1)', '(15, 7)', '(13, 5)']","['(10, 1)', '(13, 5)', '(15, 7)']","[(12, 1), (14, 4), (14, 1), (17, 9), (10, 6), (10, 3), (10, 9), (16, 4), (16, 1), (16, 7), (18, 4), (18, 1), (18, 7), (12, 3), (12, 9), (14, 3), (14, 9), (10, 2), (10, 5), (10, 8), (13, 1), (16, 3), (16, 9), (15, 1), (16, 6), (18, 3), (18, 9), (18, 6), (12, 2), (14, 2), (14, 5), (17, 1), (10, 4), (11, 3), (11, 9), (10, 7), (16, 2), (13, 9), (16, 5), (18, 2), (15, 9), (18, 5), (18, 8)]",16,0,16
44,"(10, 1)","(10, 2)",South,"[((9, 1), 'West', 1)]","['(10, 1)', '(13, 5)', '(15, 7)']","['(15, 7)', '(13, 5)', '(9, 1)']","[(12, 1), (14, 4), (14, 1), (17, 9), (10, 6), (10, 3), (10, 9), (16, 4), (16, 1), (16, 7), (18, 4), (18, 1), (18, 7), (12, 3), (12, 9), (14, 3), (14, 9), (10, 2), (10, 5), (10, 8), (13, 1), (16, 3), (16, 9), (15, 1), (16, 6), (18, 3), (18, 9), (18, 6), (12, 2), (14, 2), (14, 5), (17, 1), (10, 4), (11, 3), (11, 9), (10, 7), (10, 1), (16, 2), (13, 9), (16, 5), (18, 2), (15, 9), (18, 5), (18, 8)]",16,0,16
45,"(15, 7)","(16, 7)",West,"[((14, 7), 'West', 1)]","['(15, 7)', '(13, 5)', '(9, 1)']","['(13, 5)', '(9, 1)', '(14, 7)']","[(12, 1), (14, 4), (14, 1), (17, 9), (10, 6), (10, 3), (10, 9), (16, 4), (16, 1), (16, 7), (18, 4), (18, 1), (18, 7), (12, 3), (12, 9), (14, 3), (14, 9), (10, 2), (10, 5), (10, 8), (13, 1), (16, 3), (16, 9), (15, 1), (15, 7), (16, 6), (18, 3), (18, 9), (18, 6), (12, 2), (14, 2), (14, 5), (17, 1), (10, 4), (11, 3), (11, 9), (10, 7), (10, 1), (16, 2), (13, 9), (16, 5), (18, 2), (15, 9), (18, 5), (18, 8)]",17,0,17
46,"(13, 5)","(14, 5)",West,"[((12, 5), 'West', 1)]","['(13, 5)', '(9, 1)', '(14, 7)']","['(9, 1)', '(14, 7)', '(12, 5)']","[(12, 1), (14, 4), (14, 1), (17, 9), (10, 6), (10, 3), (10, 9), (16, 4), (13, 5), (16, 1), (16, 7), (18, 4), (18, 1), (18, 7), (12, 3), (12, 9), (14, 3), (14, 9), (10, 2), (10, 5), (10, 8), (13, 1), (16, 3), (16, 9), (15, 1), (15, 7), (16, 6), (18, 3), (18, 9), (18, 6), (12, 2), (14, 2), (14, 5), (17, 1), (10, 4), (11, 3), (11, 9), (10, 7), (10, 1), (16, 2), (13, 9), (16, 5), (18, 2), (15, 9), (18, 5), (18, 8)]",17,0,17
47,"(9, 1)","(10, 1)",West,"[((8, 1), 'West', 1)]","['(9, 1)', '(14, 7)', '(12, 5)']","['(14, 7)', '(12, 5)', '(8, 1)']","[(12, 1), (14, 4), (14, 1), (17, 9), (10, 6), (10, 3), (10, 9), (16, 4), (13, 5), (16, 1), (16, 7), (18, 4), (18, 1), (18, 7), (12, 3), (12, 9), (14, 3), (14, 9), (9, 1), (10, 2), (10, 5), (10, 8), (13, 1), (16, 3), (16, 9), (15, 1), (15, 7), (16, 6), (18, 3), (18, 9), (18, 6), (12, 2), (14, 2), (14, 5), (17, 1), (10, 4), (11, 3), (11, 9), (10, 7), (10, 1), (16, 2), (13, 9), (16, 5), (18, 2), (15, 9), (18, 5), (18, 8)]",17,0,17
48,"(14, 7)","(15, 7)",West,"[((13, 7), 'West', 1)]","['(14, 7)', '(12, 5)', '(8, 1)']","['(12, 5)', '(8, 1)', '(13, 7)']","[(12, 1), (14, 4), (14, 1), (14, 7), (17, 9), (10, 6), (10, 3), (10, 9), (16, 4), (13, 5), (16, 1), (16, 7), (18, 4), (18, 1), (18, 7), (12, 3), (12, 9), (14, 3), (14, 9), (9, 1), (10, 2), (10, 5), (10, 8), (13, 1), (16, 3), (16, 9), (15, 1), (15, 7), (16, 6), (18, 3), (18, 9), (18, 6), (12, 2), (14, 2), (14, 5), (17, 1), (10, 4), (11, 3), (11, 9), (10, 7), (10, 1), (16, 2), (13, 9), (16, 5), (18, 2), (15, 9), (18, 5), (18, 8)]",18,0,18
49,"(12, 5)","(13, 5)",West,"[((12, 6), 'North', 1)]","['(12, 5)', '(8, 1)', '(13, 7)']","['(8, 1)', '(13, 7)', '(12, 6)']","[(12, 1), (14, 4), (14, 1), (14, 7), (17, 9), (10, 6), (10, 3), (10, 9), (16, 4), (13, 5), (16, 1), (16, 7), (18, 4), (18, 1), (18, 7), (12, 3), (12, 9), (14, 3), (14, 9), (9, 1), (10, 2), (10, 5), (10, 8), (13, 1), (16, 3), (16, 9), (15, 1), (15, 7), (16, 6), (18, 3), (18, 9), (18, 6), (12, 2), (12, 5), (14, 2), (14, 5), (17, 1), (10, 4), (11, 3), (11, 9), (10, 7), (10, 1), (16, 2), (13, 9), (16, 5), (18, 2), (15, 9), (18, 5), (18, 8)]",18,0,18
50,"(8, 1)","(9, 1)",West,"[((8, 2), 'North', 1)]","['(8, 1)', '(13, 7)', '(12, 6)']","['(13, 7)', '(12, 6)', '(8, 2)']","[(12, 1), (14, 4), (14, 1), (14, 7), (17, 9), (10, 6), (10, 3), (10, 9), (16, 4), (13, 5), (16, 1), (16, 7), (18, 4), (18, 1), (18, 7), (12, 3), (12, 9), (14, 3), (14, 9), (9, 1), (10, 2), (10, 5), (10, 8), (13, 1), (16, 3), (16, 9), (15, 1), (15, 7), (16, 6), (18, 3), (18, 9), (18, 6), (12, 2), (12, 5), (14, 2), (14, 5), (17, 1), (8, 1), (10, 4), (11, 3), (11, 9), (10, 7), (10, 1), (16, 2), (13, 9), (16, 5), (18, 2), (15, 9), (18, 5), (18, 8)]",18,0,18
51,"(13, 7)","(14, 7)",West,"[((12, 7), 'West', 1)]","['(13, 7)', '(12, 6)', '(8, 2)']","['(12, 6)', '(8, 2)', '(12, 7)']","[(12, 1), (14, 4), (14, 1), (14, 7), (17, 9), (10, 6), (10, 3), (10, 9), (16, 4), (13, 5), (16, 1), (16, 7), (18, 4), (18, 1), (18, 7), (12, 3), (12, 9), (14, 3), (14, 9), (9, 1), (10, 2), (10, 5), (10, 8), (13, 1), (13, 7), (16, 3), (16, 9), (15, 1), (15, 7), (16, 6), (18, 3), (18, 9), (18, 6), (12, 2), (12, 5), (14, 2), (14, 5), (17, 1), (8, 1), (10, 4), (11, 3), (11, 9), (10, 7), (10, 1), (16, 2), (13, 9), (16, 5), (18, 2), (15, 9), (18, 5), (18, 8)]",19,0,19
52,"(12, 6)","(12, 5)",North,[],"['(12, 6)', '(8, 2)', '(12, 7)']","['(8, 2)', '(12, 7)']","[(12, 1), (14, 4), (14, 1), (14, 7), (17, 9), (10, 6), (10, 3), (10, 9), (16, 4), (13, 5), (16, 1), (16, 7), (18, 4), (18, 1), (18, 7), (12, 3), (12, 9), (12, 6), (14, 3), (14, 9), (9, 1), (10, 2), (10, 5), (10, 8), (13, 1), (13, 7), (16, 3), (16, 9), (15, 1), (15, 7), (16, 6), (18, 3), (18, 9), (18, 6), (12, 2), (12, 5), (14, 2), (14, 5), (17, 1), (8, 1), (10, 4), (11, 3), (11, 9), (10, 7), (10, 1), (16, 2), (13, 9), (16, 5), (18, 2), (15, 9), (18, 5), (18, 8)]",19,0,19
53,"(8, 2)","(8, 1)",North,"[((8, 3), 'North', 1)]","['(8, 2)', '(12, 7)']","['(12, 7)', '(8, 3)']","[(12, 1), (14, 4), (14, 1), (14, 7), (17, 9), (10, 6), (10, 3), (10, 9), (16, 4), (13, 5), (16, 1), (16, 7), (18, 4), (18, 1), (18, 7), (12, 3), (12, 9), (12, 6), (14, 3), (14, 9), (8, 2), (9, 1), (10, 2), (10, 5), (10, 8), (13, 1), (13, 7), (16, 3), (16, 9), (15, 1), (15, 7), (16, 6), (18, 3), (18, 9), (18, 6), (12, 2), (12, 5), (14, 2), (14, 5), (17, 1), (8, 1), (10, 4), (11, 3), (11, 9), (10, 7), (10, 1), (16, 2), (13, 9), (16, 5), (18, 2), (15, 9), (18, 5), (18, 8)]",19,0,19
54,"(12, 7)","(13, 7)",West,[],"['(12, 7)', '(8, 3)']","['(8, 3)']","[(12, 1), (12, 7), (14, 4), (14, 1), (14, 7), (17, 9), (10, 6), (10, 3), (10, 9), (16, 4), (13, 5), (16, 1), (16, 7), (18, 4), (18, 1), (18, 7), (12, 3), (12, 9), (12, 6), (14, 3), (14, 9), (8, 2), (9, 1), (10, 2), (10, 5), (10, 8), (13, 1), (13, 7), (16, 3), (16, 9), (15, 1), (15, 7), (16, 6), (18, 3), (18, 9), (18, 6), (12, 2), (12, 5), (14, 2), (14, 5), (17, 1), (8, 1), (10, 4), (11, 3), (11, 9), (10, 7), (10, 1), (16, 2), (13, 9), (16, 5), (18, 2), (15, 9), (18, 5), (18, 8)]",20,0,20
55,"(8, 3)","(8, 2)",North,"[((7, 3), 'West', 1)]","['(8, 3)']","['(7, 3)']","[(12, 1), (12, 7), (14, 4), (14, 1), (14, 7), (17, 9), (8, 3), (10, 6), (10, 3), (10, 9), (16, 4), (13, 5), (16, 1), (16, 7), (18, 4), (18, 1), (18, 7), (12, 3), (12, 9), (12, 6), (14, 3), (14, 9), (8, 2), (9, 1), (10, 2), (10, 5), (10, 8), (13, 1), (13, 7), (16, 3), (16, 9), (15, 1), (15, 7), (16, 6), (18, 3), (18, 9), (18, 6), (12, 2), (12, 5), (14, 2), (14, 5), (17, 1), (8, 1), (10, 4), (11, 3), (11, 9), (10, 7), (10, 1), (16, 2), (13, 9), (16, 5), (18, 2), (15, 9), (18, 5), (18, 8)]",20,0,20
56,"(7, 3)","(8, 3)",West,"[((6, 3), 'West', 1)]","['(7, 3)']","['(6, 3)']","[(12, 1), (12, 7), (14, 4), (14, 1), (14, 7), (17, 9), (8, 3), (10, 6), (10, 3), (10, 9), (16, 4), (13, 5), (16, 1), (16, 7), (18, 4), (18, 1), (18, 7), (12, 3), (12, 9), (12, 6), (14, 3), (14, 9), (8, 2), (9, 1), (10, 2), (10, 5), (10, 8), (13, 1), (13, 7), (16, 3), (16, 9), (15, 1), (15, 7), (16, 6), (18, 3), (18, 9), (7, 3), (18, 6), (12, 2), (12, 5), (14, 2), (14, 5), (17, 1), (8, 1), (10, 4), (11, 3), (11, 9), (10, 7), (10, 1), (16, 2), (13, 9), (16, 5), (18, 2), (15, 9), (18, 5), (18, 8)]",21,0,21
57,"(6, 3)","(7, 3)",West,"[((6, 2), 'South', 1)]","['(6, 3)']","['(6, 2)']","[(12, 1), (12, 7), (14, 4), (14, 1), (14, 7), (17, 9), (8, 3), (10, 6), (10, 3), (10, 9), (16, 4), (13, 5), (16, 1), (16, 7), (18, 4), (18, 1), (18, 7), (12, 3), (12, 9), (12, 6), (14, 3), (14, 9), (8, 2), (9, 1), (10, 2), (10, 5), (10, 8), (13, 1), (13, 7), (16, 3), (16, 9), (15, 1), (15, 7), (16, 6), (18, 3), (18, 9), (7, 3), (18, 6), (12, 2), (12, 5), (14, 2), (14, 5), (17, 1), (8, 1), (10, 4), (11, 3), (11, 9), (10, 7), (10, 1), (16, 2), (13, 9), (16, 5), (18, 2), (15, 9), (18, 5), (6, 3), (18, 8)]",22,0,22
58,"(6, 2)","(6, 3)",South,"[((6, 1), 'South', 1)]","['(6, 2)']","['(6, 1)']","[(12, 1), (12, 7), (14, 4), (14, 1), (14, 7), (17, 9), (8, 3), (10, 6), (10, 3), (10, 9), (16, 4), (13, 5), (16, 1), (16, 7), (18, 4), (6, 2), (18, 1), (18, 7), (12, 3), (12, 9), (12, 6), (14, 3), (14, 9), (8, 2), (9, 1), (10, 2), (10, 5), (10, 8), (13, 1), (13, 7), (16, 3), (16, 9), (15, 1), (15, 7), (16, 6), (18, 3), (18, 9), (7, 3), (18, 6), (12, 2), (12, 5), (14, 2), (14, 5), (17, 1), (8, 1), (10, 4), (11, 3), (11, 9), (10, 7), (10, 1), (16, 2), (13, 9), (16, 5), (18, 2), (15, 9), (18, 5), (6, 3), (18, 8)]",23,0,23
59,"(6, 1)","(6, 2)",South,"[((5, 1), 'West', 1)]","['(6, 1)']","['(5, 1)']","[(12, 1), (12, 7), (14, 4), (14, 1), (14, 7), (17, 9), (8, 3), (10, 6), (10, 3), (10, 9), (16, 4), (13, 5), (16, 1), (16, 7), (18, 4), (6, 2), (18, 1), (18, 7), (12, 3), (12, 9), (12, 6), (14, 3), (14, 9), (8, 2), (9, 1), (10, 2), (10, 5), (10, 8), (13, 1), (13, 7), (6, 1), (16, 3), (16, 9), (15, 1), (15, 7), (16, 6), (18, 3), (18, 9), (7, 3), (18, 6), (12, 2), (12, 5), (14, 2), (14, 5), (17, 1), (8, 1), (10, 4), (11, 3), (11, 9), (10, 7), (10, 1), (16, 2), (13, 9), (16, 5), (18, 2), (15, 9), (18, 5), (6, 3), (18, 8)]",24,0,24
60,"(5, 1)","(6, 1)",West,"[((4, 1), 'West', 1)]","['(5, 1)']","['(4, 1)']","[(12, 1), (12, 7), (14, 4), (14, 1), (14, 7), (5, 1), (17, 9), (8, 3), (10, 6), (10, 3), (10, 9), (16, 4), (13, 5), (16, 1), (16, 7), (18, 4), (6, 2), (18, 1), (18, 7), (12, 3), (12, 9), (12, 6), (14, 3), (14, 9), (8, 2), (9, 1), (10, 2), (10, 5), (10, 8), (13, 1), (13, 7), (6, 1), (16, 3), (16, 9), (15, 1), (15, 7), (16, 6), (18, 3), (18, 9), (7, 3), (18, 6), (12, 2), (12, 5), (14, 2), (14, 5), (17, 1), (8, 1), (10, 4), (11, 3), (11, 9), (10, 7), (10, 1), (16, 2), (13, 9), (16, 5), (18, 2), (15, 9), (18, 5), (6, 3), (18, 8)]",25,0,25
61,"(4, 1)","(5, 1)",West,"[((3, 1), 'West', 1)]","['(4, 1)']","['(3, 1)']","[(12, 1), (12, 7), (14, 4), (14, 1), (14, 7), (5, 1), (17, 9), (8, 3), (10, 6), (10, 3), (10, 9), (16, 4), (13, 5), (16, 1), (16, 7), (18, 4), (6, 2), (18, 1), (18, 7), (12, 3), (12, 9), (12, 6), (14, 3), (14, 9), (8, 2), (9, 1), (10, 2), (10, 5), (10, 8), (13, 1), (13, 7), (6, 1), (16, 3), (16, 9), (15, 1), (15, 7), (16, 6), (18, 3), (18, 9), (7, 3), (18, 6), (12, 2), (12, 5), (14, 2), (4, 1), (14, 5), (17, 1), (8, 1), (10, 4), (11, 3), (11, 9), (10, 7), (10, 1), (16, 2), (13, 9), (16, 5), (18, 2), (15, 9), (18, 5), (6, 3), (18, 8)]",26,0,26
62,"(3, 1)","(4, 1)",West,"[((2, 1), 'West', 1)]","['(3, 1)']","['(2, 1)']","[(12, 1), (12, 7), (14, 4), (14, 1), (14, 7), (3, 1), (5, 1), (17, 9), (8, 3), (10, 6), (10, 3), (10, 9), (16, 4), (13, 5), (16, 1), (16, 7), (18, 4), (6, 2), (18, 1), (18, 7), (12, 3), (12, 9), (12, 6), (14, 3), (14, 9), (8, 2), (9, 1), (10, 2), (10, 5), (10, 8), (13, 1), (13, 7), (6, 1), (16, 3), (16, 9), (15, 1), (15, 7), (16, 6), (18, 3), (18, 9), (7, 3), (18, 6), (12, 2), (12, 5), (14, 2), (4, 1), (14, 5), (17, 1), (8, 1), (10, 4), (11, 3), (11, 9), (10, 7), (10, 1), (16, 2), (13, 9), (16, 5), (18, 2), (15, 9), (18, 5), (6, 3), (18, 8)]",27,0,27
63,"(2, 1)","(3, 1)",West,"[((1, 1), 'West', 1)]","['(2, 1)']","['(1, 1)']","[(12, 1), (12, 7), (14, 4), (14, 1), (14, 7), (3, 1), (5, 1), (17, 9), (8, 3), (10, 6), (10, 3), (10, 9), (16, 4), (13, 5), (16, 1), (16, 7), (18, 4), (6, 2), (18, 1), (18, 7), (12, 3), (12, 9), (12, 6), (14, 3), (14, 9), (8, 2), (9, 1), (10, 2), (10, 5), (2, 1), (10, 8), (13, 1), (13, 7), (6, 1), (16, 3), (16, 9), (15, 1), (15, 7), (16, 6), (18, 3), (18, 9), (7, 3), (18, 6), (12, 2), (12, 5), (14, 2), (4, 1), (14, 5), (17, 1), (8, 1), (10, 4), (11, 3), (11, 9), (10, 7), (10, 1), (16, 2), (13, 9), (16, 5), (18, 2), (15, 9), (18, 5), (6, 3), (18, 8)]",28,0,28
64,"(1, 1)","(2, 1)",West,[],"['(1, 1)']",[],"[(12, 1), (12, 7), (14, 4), (14, 1), (14, 7), (3, 1), (5, 1), (17, 9), (8, 3), (10, 6), (10, 3), (10, 9), (16, 4), (13, 5), (16, 1), (16, 7), (18, 4), (6, 2), (18, 1), (18, 7), (12, 3), (12, 9), (12, 6), (14, 3), (14, 9), (8, 2), (9, 1), (10, 2), (10, 5), (2, 1), (10, 8), (13, 1), (13, 7), (6, 1), (16, 3), (16, 9), (15, 1), (15, 7), (16, 6), (18, 3), (18, 9), (7, 3), (18, 6), (12, 2), (12, 5), (14, 2), (4, 1), (14, 5), (17, 1), (8, 1), (10, 4), (1, 1), (11, 3), (11, 9), (10, 7), (10, 1), (16, 2), (13, 9), (16, 5), (18, 2), (15, 9), (18, 5), (6, 3), (18, 8)]",29,0,29
